{
  "hash": "f31c7aa9",
  "configHash": "9b6fdbc6",
  "lockfileHash": "111da65e",
  "browserHash": "513d765c",
  "optimized": {
    "vue": {
      "src": "../../../../node_modules/vue/dist/vue.runtime.esm-bundler.js",
      "file": "vue.js",
      "fileHash": "879abfb9",
      "needsInterop": false
    },
    "vitepress > @vue/devtools-api": {
      "src": "../../../../node_modules/@vue/devtools-api/lib/esm/index.js",
      "file": "vitepress___@vue_devtools-api.js",
      "fileHash": "78d4f8a7",
      "needsInterop": false
    },
    "vitepress > @vueuse/core": {
      "src": "../../../../node_modules/@vueuse/core/index.mjs",
      "file": "vitepress___@vueuse_core.js",
      "fileHash": "7457ed0e",
      "needsInterop": false
    },
    "@braintree/sanitize-url": {
      "src": "../../../../node_modules/@braintree/sanitize-url/dist/index.js",
      "file": "@braintree_sanitize-url.js",
      "fileHash": "cb104ff4",
      "needsInterop": true
    },
    "dayjs": {
      "src": "../../../../node_modules/dayjs/dayjs.min.js",
      "file": "dayjs.js",
      "fileHash": "faacaafc",
      "needsInterop": true
    },
    "debug": {
      "src": "../../../../node_modules/debug/src/browser.js",
      "file": "debug.js",
      "fileHash": "4d924721",
      "needsInterop": true
    },
    "cytoscape-cose-bilkent": {
      "src": "../../../../node_modules/cytoscape-cose-bilkent/cytoscape-cose-bilkent.js",
      "file": "cytoscape-cose-bilkent.js",
      "fileHash": "1e113103",
      "needsInterop": true
    },
    "cytoscape": {
      "src": "../../../../node_modules/cytoscape/dist/cytoscape.cjs.js",
      "file": "cytoscape.js",
      "fileHash": "ac0c031a",
      "needsInterop": true
    },
    "vitepress > @vueuse/integrations/useFocusTrap": {
      "src": "../../../../node_modules/@vueuse/integrations/useFocusTrap.mjs",
      "file": "vitepress___@vueuse_integrations_useFocusTrap.js",
      "fileHash": "9b1377b7",
      "needsInterop": false
    },
    "vitepress > mark.js/src/vanilla.js": {
      "src": "../../../../node_modules/mark.js/src/vanilla.js",
      "file": "vitepress___mark__js_src_vanilla__js.js",
      "fileHash": "27a127ac",
      "needsInterop": false
    },
    "vitepress > minisearch": {
      "src": "../../../../node_modules/minisearch/dist/es/index.js",
      "file": "vitepress___minisearch.js",
      "fileHash": "00d32cde",
      "needsInterop": false
    },
    "@theme/index": {
      "src": "../../../../node_modules/vitepress/dist/client/theme-default/index.js",
      "file": "@theme_index.js",
      "fileHash": "0aa643d7",
      "needsInterop": false
    }
  },
  "chunks": {
    "chunk-WFT6MZEP": {
      "file": "chunk-WFT6MZEP.js"
    },
    "chunk-3YS4HNIT": {
      "file": "chunk-3YS4HNIT.js"
    },
    "chunk-Y2F7D3TJ": {
      "file": "chunk-Y2F7D3TJ.js"
    }
  }
}